class_idx,glyph,train_freq,test_support,trf_f1,d4_f1,res_f1,delta,delta_vs_d4,present_in_test
0,A1,0,0,0.0,0.0,0.0,0.0,0.0,False
1,A17,0,0,0.0,0.0,0.0,0.0,0.0,False
2,A19,0,0,0.0,0.0,0.0,0.0,0.0,False
3,A2,0,0,0.0,0.0,0.0,0.0,0.0,False
4,A24,0,0,0.0,0.0,0.0,0.0,0.0,False
5,A30,0,0,0.0,0.0,0.0,0.0,0.0,False
6,A40,0,0,0.0,0.0,0.0,0.0,0.0,False
7,A42,0,0,0.0,0.0,0.0,0.0,0.0,False
8,A50,0,0,0.0,0.0,0.0,0.0,0.0,False
9,AA13,0,0,0.0,0.0,0.0,0.0,0.0,False
10,AA15,1,1,0.0,0.0,0.0,0.0,0.0,True
11,B1,0,0,0.0,0.0,0.0,0.0,0.0,False
12,D1,3,1,0.0,0.0,0.0,0.0,0.0,True
13,D2,14,1,0.6666666666666666,0.0,0.6666666666666666,0.0,0.6666666666666666,True
14,D21,123,23,0.6923076923076923,0.6428571428571429,0.3448275862068966,0.3474801061007957,0.049450549450549386,True
15,D28,11,3,0.5,1.0,0.75,-0.25,-0.5,True
16,D35,33,9,0.875,0.875,0.875,0.0,0.0,True
17,D36,34,12,0.6956521739130435,0.5454545454545454,0.2857142857142857,0.40993788819875776,0.15019762845849804,True
18,D37,0,0,0.0,0.0,0.0,0.0,0.0,False
19,D39,1,0,0.0,0.0,0.0,0.0,0.0,False
20,D4,26,4,0.0,0.0,0.0,0.0,0.0,True
21,D40,0,0,0.0,0.0,0.0,0.0,0.0,False
22,D45,0,0,0.0,0.0,0.0,0.0,0.0,False
23,D46,33,9,0.42857142857142855,0.42857142857142855,0.42857142857142855,0.0,0.0,True
24,D52,3,1,0.0,0.0,1.0,-1.0,0.0,True
25,D54,8,1,0.6666666666666666,1.0,0.6666666666666666,0.0,-0.33333333333333337,True
26,D55,0,0,0.0,0.0,0.0,0.0,0.0,False
27,D56,2,0,0.0,0.0,0.0,0.0,0.0,False
28,D58,25,4,0.0,0.0,0.14285714285714285,-0.14285714285714285,0.0,True
29,D60,4,2,0.6666666666666666,0.6666666666666666,0.6666666666666666,0.0,0.0,True
30,E1,2,0,0.0,0.0,0.0,0.0,0.0,False
31,E10,0,0,0.0,0.0,0.0,0.0,0.0,False
32,E16,0,0,0.0,0.0,0.0,0.0,0.0,False
33,E23,5,0,0.0,0.0,0.0,0.0,0.0,False
34,E34,76,15,0.8387096774193549,0.8,0.72,0.1187096774193549,0.03870967741935483,True
35,E7,0,0,0.0,0.0,0.0,0.0,0.0,False
36,E9,5,1,0.0,0.0,1.0,-1.0,0.0,True
37,F1,0,0,0.0,0.0,0.0,0.0,0.0,False
38,F12,1,0,0.0,0.0,0.0,0.0,0.0,False
39,F13,6,1,0.6666666666666666,1.0,0.6666666666666666,0.0,-0.33333333333333337,True
40,F18,3,1,1.0,1.0,0.25,0.75,0.0,True
41,F21,1,0,0.0,0.0,0.0,0.0,0.0,False
42,F26,2,1,0.0,0.0,1.0,-1.0,0.0,True
43,F31,2,1,0.0,0.0,0.0,0.0,0.0,True
44,F32,1,0,0.0,0.0,0.0,0.0,0.0,False
45,F34,6,1,1.0,1.0,0.6666666666666666,0.33333333333333337,0.0,True
46,F35,1,1,0.0,0.0,0.0,0.0,0.0,True
47,F39,0,0,0.0,0.0,0.0,0.0,0.0,False
48,F4,2,1,0.0,0.0,1.0,-1.0,0.0,True
49,G1,19,3,0.5714285714285714,0.6666666666666666,0.6,-0.02857142857142858,-0.09523809523809523,True
50,G14,1,0,0.0,0.0,0.0,0.0,0.0,False
51,G17,125,27,0.7547169811320755,0.7368421052631579,0.7111111111111111,0.04360587002096439,0.017874875868917672,True
52,G25,18,5,1.0,1.0,1.0,0.0,0.0,True
53,G35,27,6,0.8,0.7272727272727273,0.9090909090909091,-0.10909090909090902,0.07272727272727275,True
54,G36,7,2,0.6666666666666666,0.0,0.6666666666666666,0.0,0.6666666666666666,True
55,G37,3,0,0.0,0.0,0.0,0.0,0.0,False
56,G38,0,0,0.0,0.0,0.0,0.0,0.0,False
57,G39,13,3,1.0,1.0,1.0,0.0,0.0,True
58,G4,6,1,1.0,0.0,0.6666666666666666,0.33333333333333337,1.0,True
59,G40,5,0,0.0,0.0,0.0,0.0,0.0,False
60,G43,135,20,0.7391304347826086,0.7391304347826086,0.7428571428571429,-0.003726708074534235,0.0,True
61,G5,20,4,0.8571428571428571,0.5714285714285714,0.6666666666666666,0.19047619047619047,0.2857142857142857,True
62,H1,0,0,0.0,0.0,0.0,0.0,0.0,False
63,H6,3,2,0.0,0.0,0.0,0.0,0.0,True
64,H8,0,0,0.0,0.0,0.0,0.0,0.0,False
65,I1,0,0,0.0,0.0,0.0,0.0,0.0,False
66,I10,22,7,0.7142857142857143,0.7692307692307693,0.8333333333333334,-0.11904761904761907,-0.05494505494505497,True
67,I15,0,0,0.0,0.0,0.0,0.0,0.0,False
68,I9,86,21,0.723404255319149,0.6923076923076923,0.5517241379310345,0.1716801173881145,0.03109656301145669,True
69,L1,2,0,0.0,0.0,0.0,0.0,0.0,False
70,L2,0,0,0.0,0.0,0.0,0.0,0.0,False
71,M12,2,1,0.0,0.0,0.0,0.0,0.0,True
72,M16,0,1,0.0,0.0,1.0,-1.0,0.0,True
73,M17,224,45,0.7884615384615384,0.7777777777777778,0.0,0.7884615384615384,0.010683760683760646,True
74,M18,10,0,0.0,0.0,0.0,0.0,0.0,False
75,M2,0,0,0.0,0.0,0.0,0.0,0.0,False
76,M20,0,0,0.0,0.0,0.0,0.0,0.0,False
77,M22,0,0,0.0,0.0,0.0,0.0,0.0,False
78,M23,23,5,0.75,0.75,0.6666666666666666,0.08333333333333337,0.0,True
79,M29,3,0,0.0,0.0,0.0,0.0,0.0,False
80,M3,2,2,0.0,0.0,0.0,0.0,0.0,True
81,M42,2,1,0.0,0.0,0.6666666666666666,-0.6666666666666666,0.0,True
82,M44,5,1,0.0,0.0,0.15384615384615385,-0.15384615384615385,0.0,True
83,N1,12,3,0.0,0.0,0.0,0.0,0.0,True
84,N14,10,1,1.0,0.6666666666666666,0.6666666666666666,0.33333333333333337,0.33333333333333337,True
85,N16,1,0,0.0,0.0,0.0,0.0,0.0,False
86,N18,16,1,1.0,1.0,0.0,1.0,0.0,True
87,N23,0,0,0.0,0.0,0.0,0.0,0.0,False
88,N25,1,0,0.0,0.0,0.0,0.0,0.0,False
89,N26,1,0,0.0,0.0,0.0,0.0,0.0,False
90,N29,12,3,1.0,1.0,1.0,0.0,0.0,True
91,N31,11,3,0.8,0.8,1.0,-0.19999999999999996,0.0,True
92,N33,0,0,0.0,0.0,0.0,0.0,0.0,False
93,N33B,0,0,0.0,0.0,0.0,0.0,0.0,False
94,N35,278,54,0.9122807017543859,0.8793103448275862,0.6829268292682927,0.22935387248609318,0.032970356926799727,True
95,N36,1,0,0.0,0.0,0.0,0.0,0.0,False
96,N37,21,5,0.8,0.8,0.5,0.30000000000000004,0.0,True
97,N42,0,0,0.0,0.0,0.0,0.0,0.0,False
98,N5,12,3,1.0,1.0,0.6666666666666666,0.33333333333333337,0.0,True
99,N8,0,0,0.0,0.0,0.0,0.0,0.0,False
100,O1,14,4,0.5714285714285714,0.2222222222222222,0.5714285714285714,0.0,0.3492063492063492,True
101,O29,1,0,0.0,0.0,0.0,0.0,0.0,False
102,O3,0,0,0.0,0.0,0.0,0.0,0.0,False
103,O34,14,1,0.4,0.6666666666666666,0.0,0.4,-0.2666666666666666,True
104,O4,9,0,0.0,0.0,0.0,0.0,0.0,False
105,O49,5,0,0.0,0.0,0.0,0.0,0.0,False
106,O50,70,15,0.8387096774193549,0.875,0.7692307692307693,0.0694789081885856,-0.03629032258064513,True
107,O6,0,0,0.0,0.0,0.0,0.0,0.0,False
108,P1,4,1,0.6666666666666666,0.0,0.6666666666666666,0.0,0.6666666666666666,True
109,P3,0,0,0.0,0.0,0.0,0.0,0.0,False
110,P8,11,2,0.0,0.5,0.3076923076923077,-0.3076923076923077,-0.5,True
111,Q1,15,1,1.0,0.6666666666666666,0.0,1.0,0.33333333333333337,True
112,Q2,0,0,0.0,0.0,0.0,0.0,0.0,False
113,Q3,52,8,0.7058823529411765,0.8571428571428571,0.7058823529411765,0.0,-0.15126050420168058,True
114,R11,0,0,0.0,0.0,0.0,0.0,0.0,False
115,R14,0,0,0.0,0.0,0.0,0.0,0.0,False
116,R4,3,0,0.0,0.0,0.0,0.0,0.0,False
117,R7,0,0,0.0,0.0,0.0,0.0,0.0,False
118,R8,32,6,0.4444444444444444,0.5454545454545454,0.6,-0.15555555555555556,-0.101010101010101,True
119,S19,0,0,0.0,0.0,0.0,0.0,0.0,False
120,S21,0,0,0.0,0.0,0.0,0.0,0.0,False
121,S24,1,1,0.0,0.0,0.0,0.0,0.0,True
122,S27,0,0,0.0,0.0,0.0,0.0,0.0,False
123,S28,0,0,0.0,0.0,0.0,0.0,0.0,False
124,S29,161,34,0.9090909090909091,0.84375,0.4888888888888889,0.4202020202020202,0.06534090909090906,True
125,S3,0,0,0.0,0.0,0.0,0.0,0.0,False
126,S34,4,2,0.0,0.0,0.6666666666666666,-0.6666666666666666,0.0,True
127,S38,0,0,0.0,0.0,0.0,0.0,0.0,False
128,S40,0,0,0.0,0.0,0.0,0.0,0.0,False
129,T21,1,1,0.0,0.0,0.0,0.0,0.0,True
130,T22,1,0,0.0,0.0,0.0,0.0,0.0,False
131,T28,2,0,0.0,0.0,0.0,0.0,0.0,False
132,U1,11,5,0.8888888888888888,0.8888888888888888,1.0,-0.11111111111111116,0.0,True
133,U15,6,3,0.5,0.5,0.5,0.0,0.0,True
134,U23,0,0,0.0,0.0,0.0,0.0,0.0,False
135,U33,9,2,0.0,0.0,0.4,-0.4,0.0,True
136,U6,0,0,0.0,0.0,0.0,0.0,0.0,False
137,U7,4,0,0.0,0.0,0.0,0.0,0.0,False
138,V1,0,0,0.0,0.0,0.0,0.0,0.0,False
139,V10,0,0,0.0,0.0,0.0,0.0,0.0,False
140,V13,49,12,0.7142857142857143,0.6923076923076923,0.5555555555555556,0.15873015873015872,0.02197802197802201,True
141,V20,0,0,0.0,0.0,0.0,0.0,0.0,False
142,V28,27,4,0.3333333333333333,0.3333333333333333,0.3333333333333333,0.0,0.0,True
143,V29,0,0,0.0,0.0,0.0,0.0,0.0,False
144,V30,4,3,0.0,0.0,0.0,0.0,0.0,True
145,V31,85,19,0.7567567567567568,0.8,0.5384615384615384,0.21829521829521836,-0.043243243243243246,True
146,V4,9,1,0.6666666666666666,0.5,1.0,-0.33333333333333337,0.16666666666666663,True
147,V6,1,1,0.0,0.0,0.0,0.0,0.0,True
148,V7,4,0,0.0,0.0,0.0,0.0,0.0,False
149,W11,4,0,0.0,0.0,0.0,0.0,0.0,False
150,W14,0,1,0.0,0.0,0.0,0.0,0.0,True
151,W15,1,0,0.0,0.0,0.0,0.0,0.0,False
152,W17,0,0,0.0,0.0,0.0,0.0,0.0,False
153,W18,4,1,1.0,0.0,1.0,0.0,1.0,True
154,W19,2,0,0.0,0.0,0.0,0.0,0.0,False
155,W22,1,0,0.0,0.0,0.0,0.0,0.0,False
156,W23,0,0,0.0,0.0,0.0,0.0,0.0,False
157,W24,17,7,0.8333333333333334,0.8333333333333334,0.8571428571428571,-0.023809523809523725,0.0,True
158,W25,8,2,0.8,1.0,0.8,0.0,-0.19999999999999996,True
159,W5,0,0,0.0,0.0,0.0,0.0,0.0,False
160,X1,140,36,0.8378378378378378,0.7945205479452054,0.6551724137931034,0.1826654240447344,0.043317289892632393,True
161,X7,0,0,0.0,0.0,0.0,0.0,0.0,False
162,X8,4,1,0.0,1.0,1.0,-1.0,-1.0,True
163,Y1,0,1,0.0,0.0,0.4,-0.4,0.0,True
164,Y2,6,1,0.0,0.0,0.0,0.0,0.0,True
165,Y3,3,0,0.0,0.0,0.0,0.0,0.0,False
166,Y4,0,0,0.0,0.0,0.0,0.0,0.0,False
167,Y5,4,0,0.0,0.0,0.0,0.0,0.0,False
168,Z1,35,3,0.6666666666666666,0.8,0.19047619047619047,0.47619047619047616,-0.13333333333333341,True
169,Z11,9,1,0.3333333333333333,0.4,1.0,-0.6666666666666667,-0.06666666666666671,True
170,Z1B,0,0,0.0,0.0,0.0,0.0,0.0,False
171,Z2,0,0,0.0,0.0,0.0,0.0,0.0,False
172,Z3,0,0,0.0,0.0,0.0,0.0,0.0,False
173,Z4,0,0,0.0,0.0,0.0,0.0,0.0,False
174,Z7,3,0,0.0,0.0,0.0,0.0,0.0,False
175,Z9,0,0,0.0,0.0,0.0,0.0,0.0,False
